{"cameraMode":{"drawMode":0,"name":"Shaded","section":"Shading Mode"},"sceneLighting":false,"audioPlay":false,"sceneViewState":{"m_AlwaysRefresh":false,"showFog":true,"showSkybox":false,"showFlares":true,"showImageEffects":true,"showParticleSystems":true,"showVisualEffectGraphs":true,"m_FxEnabled":true},"in2DMode":false,"pivot":{"x":13.139798164367676,"y":-47.809722900390628,"z":-58.54850387573242},"rotation":{"x":0.0034144732635468246,"y":-0.9386835098266602,"z":0.344679057598114,"w":0.00930113811045885},"size":41.223175048828128,"orthographic":false}