{"cameraMode":{"drawMode":0,"name":"Shaded","section":"Shading Mode"},"sceneLighting":true,"audioPlay":false,"sceneViewState":{"m_AlwaysRefresh":false,"showFog":true,"showSkybox":true,"showFlares":true,"showImageEffects":true,"showParticleSystems":true,"showVisualEffectGraphs":true,"m_FxEnabled":true},"in2DMode":false,"pivot":{"x":-3.3483493328094484,"y":-4.785894393920898,"z":82.52000427246094},"rotation":{"x":-0.12209878861904144,"y":0.011011434718966484,"z":-0.0013626542640849949,"w":-0.9924783110618591},"size":57.812313079833987,"orthographic":false}