{"cameraMode":{"drawMode":0,"name":"Shaded","section":"Shading Mode"},"sceneLighting":false,"audioPlay":false,"sceneViewState":{"m_AlwaysRefresh":false,"showFog":true,"showSkybox":false,"showFlares":true,"showImageEffects":true,"showParticleSystems":true,"showVisualEffectGraphs":true,"m_FxEnabled":true},"in2DMode":false,"pivot":{"x":1.111873984336853,"y":5.717197418212891,"z":4.838543891906738},"rotation":{"x":-0.18764401972293855,"y":0.050364263355731967,"z":-0.009619020856916905,"w":-0.9809160828590393},"size":1.5242048501968384,"orthographic":false}